{"cameraMode":{"drawMode":0,"name":"Shaded","section":"Shading Mode"},"sceneLighting":true,"audioPlay":false,"sceneViewState":{"m_AlwaysRefresh":false,"showFog":true,"showSkybox":true,"showFlares":true,"showImageEffects":true,"showParticleSystems":true,"showVisualEffectGraphs":true,"m_FxEnabled":true},"in2DMode":false,"pivot":{"x":-242.1796417236328,"y":101.24295043945313,"z":254.57887268066407},"rotation":{"x":0.05490448325872421,"y":0.9164929389953613,"z":-0.1351514607667923,"w":0.37257641553878786},"size":12.12435531616211,"orthographic":false}