{"cameraMode":{"drawMode":0,"name":"Shaded","section":"Shading Mode"},"sceneLighting":true,"audioPlay":false,"sceneViewState":{"m_AlwaysRefresh":false,"showFog":true,"showSkybox":true,"showFlares":true,"showImageEffects":true,"showParticleSystems":true,"showVisualEffectGraphs":true,"m_FxEnabled":true},"in2DMode":false,"pivot":{"x":4.489714622497559,"y":17.562015533447267,"z":12.950477600097657},"rotation":{"x":0.35914286971092226,"y":-0.23556172847747804,"z":0.09419500082731247,"w":0.8981399536132813},"size":12.12435531616211,"orthographic":false}