{"cameraMode":{"drawMode":0,"name":"Shaded","section":"Shading Mode"},"sceneLighting":false,"audioPlay":false,"sceneViewState":{"m_AlwaysRefresh":false,"showFog":true,"showSkybox":false,"showFlares":true,"showImageEffects":true,"showParticleSystems":true,"showVisualEffectGraphs":true,"m_FxEnabled":true},"in2DMode":false,"pivot":{"x":0.7807398438453674,"y":1.4973762035369874,"z":0.08180254697799683},"rotation":{"x":0.08883661031723023,"y":0.8553299307823181,"z":-0.15645460784435273,"w":0.4858971834182739},"size":2.1247448921203615,"orthographic":false}